{"masa":76.88597,"initY":200.0,"b":4.394737,"esAmortiguado":true,"g":9.8,"k":2.9}